model_path,rg,charge,sap,link_lenght,plddt,RMSD,pae,sequence,af2_json,af2_pdb,path_rfdiff
/home/nbizjak/prosculpt_dev/prosculpt/examples/two_helices_3cycles_model4/outputs/final_pdbs/link_38__plddt_88__rmsd_24.0__pae_13.07__out_00__rf_1__model_1__af_itr_4_.pdb,29.73591139143933,-14.716686972615877,128.99668884277344,38,88,24.0,13.07,SDIEQELERAKESIRRLEQEVNQERSRMQYLQTLLEKEKEEREKKLKEEKEKLLKELEELLSQLSEEEQEELLEELKKLEEEKEELKQLEDKVEELLSKNYHLENEVERLKKLVGS,/home/nbizjak/prosculpt_dev/prosculpt/examples/two_helices_3cycles_model4/outputs/00/3_af2/model_1/T_0.1__sample_1__score_1.4400__global_score_1.9992__seq_recovery_0.3725_scores_rank_001_alphafold2_multimer_v3_model_4_seed_000.json,/home/nbizjak/prosculpt_dev/prosculpt/examples/two_helices_3cycles_model4/outputs/00/3_af2/model_1/T_0.1__sample_1__score_1.4400__global_score_1.9992__seq_recovery_0.3725_unrelaxed_rank_001_alphafold2_multimer_v3_model_4_seed_000.pdb,/home/nbizjak/prosculpt_dev/prosculpt/examples/two_helices_3cycles_model4/outputs/00/1_rfdiff/_1.pdb
/home/nbizjak/prosculpt_dev/prosculpt/examples/two_helices_3cycles_model4/outputs/final_pdbs/link_38__plddt_86__rmsd_23.3__pae_12.97__out_00__rf_1__model_1__af_itr_3_.pdb,29.24079841594937,-14.716686972615877,123.58475494384766,38,86,23.3,12.97,SDIEQELERAKESIRRLEQEVNQERSRMQYLQTLLEKEKEEREKKLKEEKEKLLKELEELLSQLSEEEQEELLEELKKLEEEKEELKQLEDKVEELLSKNYHLENEVERLKKLVGS,/home/nbizjak/prosculpt_dev/prosculpt/examples/two_helices_3cycles_model4/outputs/00/3_af2/model_1/T_0.1__sample_1__score_1.4400__global_score_1.9992__seq_recovery_0.3725_scores_rank_002_alphafold2_multimer_v3_model_3_seed_000.json,/home/nbizjak/prosculpt_dev/prosculpt/examples/two_helices_3cycles_model4/outputs/00/3_af2/model_1/T_0.1__sample_1__score_1.4400__global_score_1.9992__seq_recovery_0.3725_unrelaxed_rank_002_alphafold2_multimer_v3_model_3_seed_000.pdb,/home/nbizjak/prosculpt_dev/prosculpt/examples/two_helices_3cycles_model4/outputs/00/1_rfdiff/_1.pdb
/home/nbizjak/prosculpt_dev/prosculpt/examples/two_helices_3cycles_model4/outputs/final_pdbs/link_38__plddt_80__rmsd_22.8__pae_11.5__out_00__rf_1__model_1__af_itr_1_.pdb,28.46690722819931,-14.716686972615877,124.7183609008789,38,80,22.8,11.5,SDIEQELERAKESIRRLEQEVNQERSRMQYLQTLLEKEKEEREKKLKEEKEKLLKELEELLSQLSEEEQEELLEELKKLEEEKEELKQLEDKVEELLSKNYHLENEVERLKKLVGS,/home/nbizjak/prosculpt_dev/prosculpt/examples/two_helices_3cycles_model4/outputs/00/3_af2/model_1/T_0.1__sample_1__score_1.4400__global_score_1.9992__seq_recovery_0.3725_scores_rank_005_alphafold2_multimer_v3_model_1_seed_000.json,/home/nbizjak/prosculpt_dev/prosculpt/examples/two_helices_3cycles_model4/outputs/00/3_af2/model_1/T_0.1__sample_1__score_1.4400__global_score_1.9992__seq_recovery_0.3725_unrelaxed_rank_005_alphafold2_multimer_v3_model_1_seed_000.pdb,/home/nbizjak/prosculpt_dev/prosculpt/examples/two_helices_3cycles_model4/outputs/00/1_rfdiff/_1.pdb
/home/nbizjak/prosculpt_dev/prosculpt/examples/two_helices_3cycles_model4/outputs/final_pdbs/link_38__plddt_94__rmsd_47.4__pae_7.44__out_00__rf_1__model_1__af_itr_4_.pdb,49.682922843524665,-7.43000156609564,105.48472595214844,38,94,47.4,7.44,GDIEQELERAKESIRRLEQEVNQERSRMQYLQTLLEKEQEELKKKEEELKKEKEKKEEEKLKELSEEEREKLKKEEEKKEELEKKLKQLEDKVEELLSKNYHLENEVERLKKLVGS,/home/nbizjak/prosculpt_dev/prosculpt/examples/two_helices_3cycles_model4/outputs/00/3_af2/model_1/T_0.1__sample_1__score_1.2796__global_score_1.9461__seq_recovery_0.5294_scores_rank_005_alphafold2_multimer_v3_model_4_seed_000.json,/home/nbizjak/prosculpt_dev/prosculpt/examples/two_helices_3cycles_model4/outputs/00/3_af2/model_1/T_0.1__sample_1__score_1.2796__global_score_1.9461__seq_recovery_0.5294_unrelaxed_rank_005_alphafold2_multimer_v3_model_4_seed_000.pdb,/home/nbizjak/prosculpt_dev/prosculpt/examples/two_helices_3cycles_model4/outputs/00/1_rfdiff/_1.pdb
/home/nbizjak/prosculpt_dev/prosculpt/examples/two_helices_3cycles_model4/outputs/final_pdbs/link_38__plddt_94__rmsd_31.7__pae_7.58__out_00__rf_1__model_1__af_itr_2_.pdb,37.20076903515403,-19.688469708990468,104.110595703125,38,94,31.7,7.58,SDIEQELERAKESIRRLEQEVNQERSRMQYLQTLLEKERQRRREEEERREREEAEELERELAKLSPEEQAELAARLEEEEEEEELEEQLEDKVEELLSKNYHLENEVERLKKLVGS,/home/nbizjak/prosculpt_dev/prosculpt/examples/two_helices_3cycles_model4/outputs/00/3_af2/model_1/T_0.1__sample_2__score_1.4032__global_score_1.9816__seq_recovery_0.4118_scores_rank_005_alphafold2_multimer_v3_model_2_seed_000.json,/home/nbizjak/prosculpt_dev/prosculpt/examples/two_helices_3cycles_model4/outputs/00/3_af2/model_1/T_0.1__sample_2__score_1.4032__global_score_1.9816__seq_recovery_0.4118_unrelaxed_rank_005_alphafold2_multimer_v3_model_2_seed_000.pdb,/home/nbizjak/prosculpt_dev/prosculpt/examples/two_helices_3cycles_model4/outputs/00/1_rfdiff/_1.pdb
/home/nbizjak/prosculpt_dev/prosculpt/examples/two_helices_3cycles_model4/outputs/final_pdbs/link_38__plddt_94__rmsd_29.4__pae_6.55__out_00__rf_1__model_1__af_itr_5_.pdb,35.36442014121061,-19.688469708990468,101.40190887451172,38,94,29.4,6.55,SDIEQELERAKESIRRLEQEVNQERSRMQYLQTLLEKERQRRREEEERREREEAEELERELAKLSPEEQAELAARLEEEEEEEELEEQLEDKVEELLSKNYHLENEVERLKKLVGS,/home/nbizjak/prosculpt_dev/prosculpt/examples/two_helices_3cycles_model4/outputs/00/3_af2/model_1/T_0.1__sample_2__score_1.4032__global_score_1.9816__seq_recovery_0.4118_scores_rank_003_alphafold2_multimer_v3_model_5_seed_000.json,/home/nbizjak/prosculpt_dev/prosculpt/examples/two_helices_3cycles_model4/outputs/00/3_af2/model_1/T_0.1__sample_2__score_1.4032__global_score_1.9816__seq_recovery_0.4118_unrelaxed_rank_003_alphafold2_multimer_v3_model_5_seed_000.pdb,/home/nbizjak/prosculpt_dev/prosculpt/examples/two_helices_3cycles_model4/outputs/00/1_rfdiff/_1.pdb
/home/nbizjak/prosculpt_dev/prosculpt/examples/two_helices_3cycles_model4/outputs/final_pdbs/link_38__plddt_95__rmsd_48.0__pae_6.77__out_00__rf_1__model_1__af_itr_2_.pdb,50.14126771957032,-7.43000156609564,107.13182830810548,38,95,48.0,6.77,GDIEQELERAKESIRRLEQEVNQERSRMQYLQTLLEKEQEELKKKEEELKKEKEKKEEEKLKELSEEEREKLKKEEEKKEELEKKLKQLEDKVEELLSKNYHLENEVERLKKLVGS,/home/nbizjak/prosculpt_dev/prosculpt/examples/two_helices_3cycles_model4/outputs/00/3_af2/model_1/T_0.1__sample_1__score_1.2796__global_score_1.9461__seq_recovery_0.5294_scores_rank_002_alphafold2_multimer_v3_model_2_seed_000.json,/home/nbizjak/prosculpt_dev/prosculpt/examples/two_helices_3cycles_model4/outputs/00/3_af2/model_1/T_0.1__sample_1__score_1.2796__global_score_1.9461__seq_recovery_0.5294_unrelaxed_rank_002_alphafold2_multimer_v3_model_2_seed_000.pdb,/home/nbizjak/prosculpt_dev/prosculpt/examples/two_helices_3cycles_model4/outputs/00/1_rfdiff/_1.pdb
/home/nbizjak/prosculpt_dev/prosculpt/examples/two_helices_3cycles_model4/outputs/final_pdbs/link_38__plddt_96__rmsd_29.1__pae_6.42__out_00__rf_1__model_1__af_itr_1_.pdb,34.93099188895067,-19.688469708990468,102.69620513916016,38,96,29.1,6.42,SDIEQELERAKESIRRLEQEVNQERSRMQYLQTLLEKERQRRREEEERREREEAEELERELAKLSPEEQAELAARLEEEEEEEELEEQLEDKVEELLSKNYHLENEVERLKKLVGS,/home/nbizjak/prosculpt_dev/prosculpt/examples/two_helices_3cycles_model4/outputs/00/3_af2/model_1/T_0.1__sample_2__score_1.4032__global_score_1.9816__seq_recovery_0.4118_scores_rank_001_alphafold2_multimer_v3_model_1_seed_000.json,/home/nbizjak/prosculpt_dev/prosculpt/examples/two_helices_3cycles_model4/outputs/00/3_af2/model_1/T_0.1__sample_2__score_1.4032__global_score_1.9816__seq_recovery_0.4118_unrelaxed_rank_001_alphafold2_multimer_v3_model_1_seed_000.pdb,/home/nbizjak/prosculpt_dev/prosculpt/examples/two_helices_3cycles_model4/outputs/00/1_rfdiff/_1.pdb
/home/nbizjak/prosculpt_dev/prosculpt/examples/two_helices_3cycles_model4/outputs/final_pdbs/link_38__plddt_96__rmsd_47.7__pae_6.91__out_00__rf_1__model_1__af_itr_1_.pdb,49.86106674122105,-7.43000156609564,107.43225860595705,38,96,47.7,6.91,GDIEQELERAKESIRRLEQEVNQERSRMQYLQTLLEKEQEELKKKEEELKKEKEKKEEEKLKELSEEEREKLKKEEEKKEELEKKLKQLEDKVEELLSKNYHLENEVERLKKLVGS,/home/nbizjak/prosculpt_dev/prosculpt/examples/two_helices_3cycles_model4/outputs/00/3_af2/model_1/T_0.1__sample_1__score_1.2796__global_score_1.9461__seq_recovery_0.5294_scores_rank_001_alphafold2_multimer_v3_model_1_seed_000.json,/home/nbizjak/prosculpt_dev/prosculpt/examples/two_helices_3cycles_model4/outputs/00/3_af2/model_1/T_0.1__sample_1__score_1.2796__global_score_1.9461__seq_recovery_0.5294_unrelaxed_rank_001_alphafold2_multimer_v3_model_1_seed_000.pdb,/home/nbizjak/prosculpt_dev/prosculpt/examples/two_helices_3cycles_model4/outputs/00/1_rfdiff/_1.pdb
/home/nbizjak/prosculpt_dev/prosculpt/examples/two_helices_3cycles_model4/outputs/final_pdbs/link_38__plddt_94__rmsd_28.4__pae_7.41__out_00__rf_1__model_1__af_itr_2_.pdb,34.01981987814236,-5.727930577158354,100.81212615966795,38,94,28.4,7.41,SDIEQELERAKESIRRLEQEVNQERSRMQYLQTLLEKERREEEERRKLLEEEEKKKKEEELKKLSPEEREKLKKEKEKEKELEEKLKQLEDKVEELLSKNYHLENEVERLKKLVGS,/home/nbizjak/prosculpt_dev/prosculpt/examples/two_helices_3cycles_model4/outputs/00/3_af2/model_1/T_0.1__sample_2__score_1.2650__global_score_1.9293__seq_recovery_0.5686_scores_rank_004_alphafold2_multimer_v3_model_2_seed_000.json,/home/nbizjak/prosculpt_dev/prosculpt/examples/two_helices_3cycles_model4/outputs/00/3_af2/model_1/T_0.1__sample_2__score_1.2650__global_score_1.9293__seq_recovery_0.5686_unrelaxed_rank_004_alphafold2_multimer_v3_model_2_seed_000.pdb,/home/nbizjak/prosculpt_dev/prosculpt/examples/two_helices_3cycles_model4/outputs/00/1_rfdiff/_1.pdb
/home/nbizjak/prosculpt_dev/prosculpt/examples/two_helices_3cycles_model4/outputs/final_pdbs/link_38__plddt_95__rmsd_30.0__pae_7.11__out_00__rf_1__model_1__af_itr_5_.pdb,35.53158324945745,-5.727930577158354,101.76189422607422,38,95,30.0,7.11,SDIEQELERAKESIRRLEQEVNQERSRMQYLQTLLEKERREEEERRKLLEEEEKKKKEEELKKLSPEEREKLKKEKEKEKELEEKLKQLEDKVEELLSKNYHLENEVERLKKLVGS,/home/nbizjak/prosculpt_dev/prosculpt/examples/two_helices_3cycles_model4/outputs/00/3_af2/model_1/T_0.1__sample_2__score_1.2650__global_score_1.9293__seq_recovery_0.5686_scores_rank_003_alphafold2_multimer_v3_model_5_seed_000.json,/home/nbizjak/prosculpt_dev/prosculpt/examples/two_helices_3cycles_model4/outputs/00/3_af2/model_1/T_0.1__sample_2__score_1.2650__global_score_1.9293__seq_recovery_0.5686_unrelaxed_rank_003_alphafold2_multimer_v3_model_5_seed_000.pdb,/home/nbizjak/prosculpt_dev/prosculpt/examples/two_helices_3cycles_model4/outputs/00/1_rfdiff/_1.pdb
/home/nbizjak/prosculpt_dev/prosculpt/examples/two_helices_3cycles_model4/outputs/final_pdbs/link_38__plddt_95__rmsd_48.0__pae_6.93__out_00__rf_1__model_1__af_itr_3_.pdb,50.16265778782186,-7.43000156609564,97.74061584472656,38,95,48.0,6.93,GDIEQELERAKESIRRLEQEVNQERSRMQYLQTLLEKEQEELKKKEEELKKEKEKKEEEKLKELSEEEREKLKKEEEKKEELEKKLKQLEDKVEELLSKNYHLENEVERLKKLVGS,/home/nbizjak/prosculpt_dev/prosculpt/examples/two_helices_3cycles_model4/outputs/00/3_af2/model_1/T_0.1__sample_1__score_1.2796__global_score_1.9461__seq_recovery_0.5294_scores_rank_003_alphafold2_multimer_v3_model_3_seed_000.json,/home/nbizjak/prosculpt_dev/prosculpt/examples/two_helices_3cycles_model4/outputs/00/3_af2/model_1/T_0.1__sample_1__score_1.2796__global_score_1.9461__seq_recovery_0.5294_unrelaxed_rank_003_alphafold2_multimer_v3_model_3_seed_000.pdb,/home/nbizjak/prosculpt_dev/prosculpt/examples/two_helices_3cycles_model4/outputs/00/1_rfdiff/_1.pdb
/home/nbizjak/prosculpt_dev/prosculpt/examples/two_helices_3cycles_model4/outputs/final_pdbs/link_38__plddt_95__rmsd_27.5__pae_6.54__out_00__rf_1__model_1__af_itr_1_.pdb,33.19400977836588,-5.727930577158354,98.81016540527344,38,95,27.5,6.54,SDIEQELERAKESIRRLEQEVNQERSRMQYLQTLLEKERREEEERRKLLEEEEKKKKEEELKKLSPEEREKLKKEKEKEKELEEKLKQLEDKVEELLSKNYHLENEVERLKKLVGS,/home/nbizjak/prosculpt_dev/prosculpt/examples/two_helices_3cycles_model4/outputs/00/3_af2/model_1/T_0.1__sample_2__score_1.2650__global_score_1.9293__seq_recovery_0.5686_scores_rank_001_alphafold2_multimer_v3_model_1_seed_000.json,/home/nbizjak/prosculpt_dev/prosculpt/examples/two_helices_3cycles_model4/outputs/00/3_af2/model_1/T_0.1__sample_2__score_1.2650__global_score_1.9293__seq_recovery_0.5686_unrelaxed_rank_001_alphafold2_multimer_v3_model_1_seed_000.pdb,/home/nbizjak/prosculpt_dev/prosculpt/examples/two_helices_3cycles_model4/outputs/00/1_rfdiff/_1.pdb
/home/nbizjak/prosculpt_dev/prosculpt/examples/two_helices_3cycles_model4/outputs/final_pdbs/link_38__plddt_95__rmsd_29.6__pae_6.4__out_00__rf_1__model_1__af_itr_3_.pdb,35.197449817320745,-5.727930577158354,98.55956268310548,38,95,29.6,6.4,SDIEQELERAKESIRRLEQEVNQERSRMQYLQTLLEKERREEEERRKLLEEEEKKKKEEELKKLSPEEREKLKKEKEKEKELEEKLKQLEDKVEELLSKNYHLENEVERLKKLVGS,/home/nbizjak/prosculpt_dev/prosculpt/examples/two_helices_3cycles_model4/outputs/00/3_af2/model_1/T_0.1__sample_2__score_1.2650__global_score_1.9293__seq_recovery_0.5686_scores_rank_002_alphafold2_multimer_v3_model_3_seed_000.json,/home/nbizjak/prosculpt_dev/prosculpt/examples/two_helices_3cycles_model4/outputs/00/3_af2/model_1/T_0.1__sample_2__score_1.2650__global_score_1.9293__seq_recovery_0.5686_unrelaxed_rank_002_alphafold2_multimer_v3_model_3_seed_000.pdb,/home/nbizjak/prosculpt_dev/prosculpt/examples/two_helices_3cycles_model4/outputs/00/1_rfdiff/_1.pdb
/home/nbizjak/prosculpt_dev/prosculpt/examples/two_helices_3cycles_model4/outputs/final_pdbs/link_38__plddt_94__rmsd_29.1__pae_6.59__out_00__rf_1__model_1__af_itr_4_.pdb,34.65913641905533,-5.727930577158354,101.34465789794922,38,94,29.1,6.59,SDIEQELERAKESIRRLEQEVNQERSRMQYLQTLLEKERREEEERRKLLEEEEKKKKEEELKKLSPEEREKLKKEKEKEKELEEKLKQLEDKVEELLSKNYHLENEVERLKKLVGS,/home/nbizjak/prosculpt_dev/prosculpt/examples/two_helices_3cycles_model4/outputs/00/3_af2/model_1/T_0.1__sample_2__score_1.2650__global_score_1.9293__seq_recovery_0.5686_scores_rank_005_alphafold2_multimer_v3_model_4_seed_000.json,/home/nbizjak/prosculpt_dev/prosculpt/examples/two_helices_3cycles_model4/outputs/00/3_af2/model_1/T_0.1__sample_2__score_1.2650__global_score_1.9293__seq_recovery_0.5686_unrelaxed_rank_005_alphafold2_multimer_v3_model_4_seed_000.pdb,/home/nbizjak/prosculpt_dev/prosculpt/examples/two_helices_3cycles_model4/outputs/00/1_rfdiff/_1.pdb
/home/nbizjak/prosculpt_dev/prosculpt/examples/two_helices_3cycles_model4/outputs/final_pdbs/link_38__plddt_94__rmsd_29.4__pae_6.3__out_00__rf_1__model_1__af_itr_4_.pdb,35.35115590249932,-19.688469708990468,102.30714416503906,38,94,29.4,6.3,SDIEQELERAKESIRRLEQEVNQERSRMQYLQTLLEKERQRRREEEERREREEAEELERELAKLSPEEQAELAARLEEEEEEEELEEQLEDKVEELLSKNYHLENEVERLKKLVGS,/home/nbizjak/prosculpt_dev/prosculpt/examples/two_helices_3cycles_model4/outputs/00/3_af2/model_1/T_0.1__sample_2__score_1.4032__global_score_1.9816__seq_recovery_0.4118_scores_rank_004_alphafold2_multimer_v3_model_4_seed_000.json,/home/nbizjak/prosculpt_dev/prosculpt/examples/two_helices_3cycles_model4/outputs/00/3_af2/model_1/T_0.1__sample_2__score_1.4032__global_score_1.9816__seq_recovery_0.4118_unrelaxed_rank_004_alphafold2_multimer_v3_model_4_seed_000.pdb,/home/nbizjak/prosculpt_dev/prosculpt/examples/two_helices_3cycles_model4/outputs/00/1_rfdiff/_1.pdb
/home/nbizjak/prosculpt_dev/prosculpt/examples/two_helices_3cycles_model4/outputs/final_pdbs/link_38__plddt_94__rmsd_47.7__pae_7.38__out_00__rf_1__model_1__af_itr_5_.pdb,49.95603291514824,-7.43000156609564,102.42721557617188,38,94,47.7,7.38,GDIEQELERAKESIRRLEQEVNQERSRMQYLQTLLEKEQEELKKKEEELKKEKEKKEEEKLKELSEEEREKLKKEEEKKEELEKKLKQLEDKVEELLSKNYHLENEVERLKKLVGS,/home/nbizjak/prosculpt_dev/prosculpt/examples/two_helices_3cycles_model4/outputs/00/3_af2/model_1/T_0.1__sample_1__score_1.2796__global_score_1.9461__seq_recovery_0.5294_scores_rank_004_alphafold2_multimer_v3_model_5_seed_000.json,/home/nbizjak/prosculpt_dev/prosculpt/examples/two_helices_3cycles_model4/outputs/00/3_af2/model_1/T_0.1__sample_1__score_1.2796__global_score_1.9461__seq_recovery_0.5294_unrelaxed_rank_004_alphafold2_multimer_v3_model_5_seed_000.pdb,/home/nbizjak/prosculpt_dev/prosculpt/examples/two_helices_3cycles_model4/outputs/00/1_rfdiff/_1.pdb
/home/nbizjak/prosculpt_dev/prosculpt/examples/two_helices_3cycles_model4/outputs/final_pdbs/link_38__plddt_95__rmsd_29.0__pae_6.05__out_00__rf_1__model_1__af_itr_3_.pdb,34.95577737771415,-19.688469708990468,101.96109771728516,38,95,29.0,6.05,SDIEQELERAKESIRRLEQEVNQERSRMQYLQTLLEKERQRRREEEERREREEAEELERELAKLSPEEQAELAARLEEEEEEEELEEQLEDKVEELLSKNYHLENEVERLKKLVGS,/home/nbizjak/prosculpt_dev/prosculpt/examples/two_helices_3cycles_model4/outputs/00/3_af2/model_1/T_0.1__sample_2__score_1.4032__global_score_1.9816__seq_recovery_0.4118_scores_rank_002_alphafold2_multimer_v3_model_3_seed_000.json,/home/nbizjak/prosculpt_dev/prosculpt/examples/two_helices_3cycles_model4/outputs/00/3_af2/model_1/T_0.1__sample_2__score_1.4032__global_score_1.9816__seq_recovery_0.4118_unrelaxed_rank_002_alphafold2_multimer_v3_model_3_seed_000.pdb,/home/nbizjak/prosculpt_dev/prosculpt/examples/two_helices_3cycles_model4/outputs/00/1_rfdiff/_1.pdb
/home/nbizjak/prosculpt_dev/prosculpt/examples/two_helices_3cycles_model4/outputs/final_pdbs/link_38__plddt_84__rmsd_23.6__pae_12.96__out_00__rf_1__model_1__af_itr_5_.pdb,29.363850527194785,-14.716686972615877,125.960205078125,38,84,23.6,12.96,SDIEQELERAKESIRRLEQEVNQERSRMQYLQTLLEKEKEEREKKLKEEKEKLLKELEELLSQLSEEEQEELLEELKKLEEEKEELKQLEDKVEELLSKNYHLENEVERLKKLVGS,/home/nbizjak/prosculpt_dev/prosculpt/examples/two_helices_3cycles_model4/outputs/00/3_af2/model_1/T_0.1__sample_1__score_1.4400__global_score_1.9992__seq_recovery_0.3725_scores_rank_003_alphafold2_multimer_v3_model_5_seed_000.json,/home/nbizjak/prosculpt_dev/prosculpt/examples/two_helices_3cycles_model4/outputs/00/3_af2/model_1/T_0.1__sample_1__score_1.4400__global_score_1.9992__seq_recovery_0.3725_unrelaxed_rank_003_alphafold2_multimer_v3_model_5_seed_000.pdb,/home/nbizjak/prosculpt_dev/prosculpt/examples/two_helices_3cycles_model4/outputs/00/1_rfdiff/_1.pdb
/home/nbizjak/prosculpt_dev/prosculpt/examples/two_helices_3cycles_model4/outputs/final_pdbs/link_38__plddt_80__rmsd_24.4__pae_13.08__out_00__rf_1__model_1__af_itr_2_.pdb,30.29159838349881,-14.716686972615877,123.79911041259766,38,80,24.4,13.08,SDIEQELERAKESIRRLEQEVNQERSRMQYLQTLLEKEKEEREKKLKEEKEKLLKELEELLSQLSEEEQEELLEELKKLEEEKEELKQLEDKVEELLSKNYHLENEVERLKKLVGS,/home/nbizjak/prosculpt_dev/prosculpt/examples/two_helices_3cycles_model4/outputs/00/3_af2/model_1/T_0.1__sample_1__score_1.4400__global_score_1.9992__seq_recovery_0.3725_scores_rank_004_alphafold2_multimer_v3_model_2_seed_000.json,/home/nbizjak/prosculpt_dev/prosculpt/examples/two_helices_3cycles_model4/outputs/00/3_af2/model_1/T_0.1__sample_1__score_1.4400__global_score_1.9992__seq_recovery_0.3725_unrelaxed_rank_004_alphafold2_multimer_v3_model_2_seed_000.pdb,/home/nbizjak/prosculpt_dev/prosculpt/examples/two_helices_3cycles_model4/outputs/00/1_rfdiff/_1.pdb
